Province,Soil_Type,Rainfall_mm,Temperature_C,Fertilizer_kg_per_hectare,Seed_Variety,Pesticide_Usage,Yield_tons_per_hectare
Southern,Sandy,826.7,21.8,126.2,Hybrid-B,Low,2.72
Copperbelt,Clay,599.7,25.8,80.5,Hybrid-A,High,2.77
Central,Loamy,857.0,21.5,63.9,Local,Low,2.23
Southern,Loamy,891.6,28.3,68.7,Hybrid-B,Medium,3.59
Southern,Loamy,884.0,26.2,85.4,Hybrid-B,High,4.76
Copperbelt,Loamy,962.1,21.6,89.4,Local,High,3.95
Central,Silty,925.1,25.1,76.9,Hybrid-B,High,3.42
Central,Loamy,868.9,23.7,61.1,Hybrid-A,Low,3.47
Southern,Silty,789.5,27.0,86.3,Hybrid-B,Low,1.06
Eastern,Silty,550.9,30.0,105.4,Hybrid-B,Medium,3.16
Southern,Loamy,864.4,20.4,117.9,Local,High,2.36
Southern,Loamy,831.2,26.3,83.3,Hybrid-A,High,3.61
Southern,Sandy,840.7,25.5,87.6,Local,Low,3.29
Southern,Clay,608.5,28.0,72.2,Hybrid-B,Low,2.8
Copperbelt,Loamy,637.8,26.6,99.1,Hybrid-B,Medium,3.59
Central,Sandy,958.0,23.7,74.5,Local,Medium,3.58
Copperbelt,Sandy,794.1,25.0,117.2,Local,Low,4.71
Copperbelt,Clay,902.2,23.6,46.4,Local,High,4.05
Copperbelt,Silty,804.2,29.2,89.2,Hybrid-A,Medium,3.67
Southern,Loamy,804.5,26.1,109.0,Hybrid-B,Low,2.74
Eastern,Clay,940.7,31.7,105.5,Local,Low,2.64
Central,Loamy,722.6,25.8,180.8,Hybrid-B,High,3.98
Eastern,Sandy,814.4,23.9,110.5,Hybrid-A,Low,3.34
Copperbelt,Sandy,730.7,21.5,69.9,Hybrid-A,Low,3.7
Copperbelt,Silty,734.8,20.6,97.1,Hybrid-A,Medium,4.28
Eastern,Sandy,753.6,21.2,46.7,Hybrid-A,Low,2.29
Eastern,Sandy,833.3,26.8,97.6,Hybrid-B,Low,4.62
Eastern,Clay,728.2,27.5,75.0,Hybrid-A,Medium,4.28
Copperbelt,Loamy,988.4,21.3,127.5,Hybrid-A,High,1.86
Copperbelt,Loamy,665.8,28.7,83.5,Local,High,5.38
Central,Clay,772.0,24.6,96.5,Hybrid-A,Medium,3.76
Central,Silty,734.0,26.4,80.9,Local,Medium,3.12
Copperbelt,Loamy,1017.0,30.8,152.2,Hybrid-A,High,3.92
Eastern,Sandy,829.5,28.7,90.4,Hybrid-A,High,2.72
Eastern,Loamy,954.8,25.2,155.0,Local,High,3.94
Central,Sandy,577.2,23.3,124.4,Hybrid-A,High,2.87
Copperbelt,Silty,840.1,19.5,114.5,Hybrid-B,High,5.12
Central,Clay,933.4,23.8,111.1,Hybrid-B,Medium,3.55
Central,Loamy,812.3,25.4,111.8,Hybrid-A,Low,4.02
Southern,Clay,959.8,23.0,42.2,Hybrid-B,High,2.87
Southern,Loamy,722.4,25.6,91.6,Local,High,4.15
Southern,Sandy,1011.4,26.2,125.4,Hybrid-A,Low,3.49
Eastern,Clay,1144.8,25.3,98.5,Hybrid-A,Low,2.37
Copperbelt,Loamy,745.6,24.0,57.8,Local,Low,3.31
Copperbelt,Sandy,733.2,26.5,98.4,Local,Low,5.04
Copperbelt,Clay,1018.0,27.3,151.1,Local,Low,4.19
Copperbelt,Clay,1036.9,22.7,137.4,Hybrid-A,Low,3.2
Southern,Loamy,721.6,30.2,98.1,Local,Medium,2.0
Eastern,Loamy,737.0,25.7,128.5,Local,Low,2.83
Eastern,Loamy,757.7,26.1,89.0,Hybrid-B,Low,2.37
Southern,Sandy,598.3,28.1,48.9,Hybrid-B,Medium,2.02
Eastern,Loamy,662.2,26.7,72.3,Hybrid-A,Low,4.13
Southern,Clay,649.4,28.9,146.9,Hybrid-B,High,3.55
Copperbelt,Clay,684.8,26.9,91.8,Hybrid-B,High,4.94
Southern,Loamy,794.8,24.2,92.7,Local,Low,2.7
Copperbelt,Loamy,835.1,27.1,91.0,Local,Medium,3.5
Copperbelt,Silty,1032.6,22.6,157.1,Hybrid-B,High,2.38
Central,Clay,650.2,26.3,148.8,Hybrid-B,Medium,3.02
Southern,Sandy,947.6,25.9,166.6,Hybrid-B,High,3.32
Central,Silty,767.9,25.4,95.2,Hybrid-A,Low,3.2
Southern,Loamy,792.6,25.6,108.9,Hybrid-A,Medium,3.54
Southern,Loamy,901.2,20.4,54.5,Hybrid-A,Medium,4.28
Central,Clay,631.6,24.4,144.3,Hybrid-B,Medium,4.19
Central,Loamy,857.4,26.3,65.0,Hybrid-B,High,2.88
Southern,Sandy,825.0,26.5,106.5,Hybrid-A,High,3.48
Eastern,Clay,873.9,22.9,67.1,Hybrid-A,High,4.14
Copperbelt,Loamy,843.4,29.8,82.3,Hybrid-B,Low,4.33
Central,Clay,1168.3,23.4,74.9,Local,High,2.97
Copperbelt,Loamy,704.3,28.9,81.8,Hybrid-A,Low,4.07
Eastern,Loamy,720.4,27.3,83.8,Hybrid-B,Medium,3.76
Eastern,Loamy,706.5,24.1,83.6,Hybrid-B,Medium,2.65
Eastern,Sandy,716.7,31.3,125.0,Local,Low,4.14
Central,Sandy,704.4,22.4,66.9,Hybrid-B,High,3.62
Eastern,Clay,978.4,28.8,106.6,Hybrid-B,Low,2.11
Central,Loamy,1013.1,29.0,136.5,Hybrid-A,Medium,3.26
Eastern,Loamy,714.4,24.0,84.6,Hybrid-A,Medium,3.53
Copperbelt,Sandy,675.1,30.2,78.5,Local,Low,3.02
Copperbelt,Loamy,870.7,25.2,93.1,Local,High,4.48
Southern,Sandy,717.2,26.9,135.4,Hybrid-B,High,4.51
Copperbelt,Loamy,894.9,26.8,105.8,Hybrid-A,Low,3.19
Southern,Clay,830.4,25.6,84.1,Local,Low,3.11
Copperbelt,Loamy,572.6,28.4,114.5,Local,High,3.4
Central,Loamy,1032.1,28.4,66.9,Local,Medium,3.34
Copperbelt,Silty,1069.4,20.8,120.4,Hybrid-B,Low,3.03
Southern,Sandy,708.1,29.9,112.3,Hybrid-A,High,0.53
Southern,Loamy,741.8,21.0,90.8,Local,High,4.9
Eastern,Loamy,842.9,29.1,74.8,Hybrid-A,Medium,3.5
Central,Silty,850.2,29.4,73.4,Local,Medium,3.36
Copperbelt,Silty,898.8,22.7,116.0,Local,Medium,3.76
Eastern,Sandy,1101.5,24.8,136.9,Hybrid-A,Medium,3.44
Copperbelt,Silty,773.5,22.7,80.9,Hybrid-A,Medium,3.16
Copperbelt,Clay,680.3,25.4,113.8,Hybrid-A,Low,2.7
Eastern,Silty,593.1,25.1,37.4,Hybrid-B,High,2.03
Eastern,Clay,690.4,28.3,82.5,Local,Low,2.42
Eastern,Sandy,795.0,29.9,99.1,Hybrid-B,Low,2.61
Eastern,Sandy,1069.2,30.2,72.7,Hybrid-A,Low,4.02
Eastern,Sandy,722.4,24.3,71.9,Local,Low,4.08
Copperbelt,Sandy,833.6,25.4,80.0,Hybrid-B,Low,2.79
Eastern,Sandy,797.5,20.9,108.8,Local,Medium,1.37
Central,Clay,978.3,23.6,94.4,Hybrid-B,Medium,3.51
Southern,Clay,1179.0,28.9,32.9,Hybrid-A,High,3.16
Eastern,Sandy,720.4,30.8,36.4,Hybrid-B,Low,3.14
Eastern,Silty,726.6,22.3,81.8,Local,High,4.26
Copperbelt,Loamy,956.6,24.2,113.7,Local,Medium,3.61
Eastern,Sandy,902.3,25.9,17.6,Local,Medium,2.72
Eastern,Silty,1077.0,26.8,85.0,Local,Medium,2.53
Eastern,Loamy,887.6,23.6,84.2,Hybrid-A,Low,3.29
Copperbelt,Sandy,746.1,27.3,141.7,Hybrid-B,Low,2.77
Eastern,Sandy,888.6,24.6,88.4,Hybrid-A,Medium,3.44
Southern,Clay,966.3,26.0,111.5,Hybrid-A,High,4.32
Copperbelt,Loamy,923.1,27.6,104.2,Hybrid-A,High,2.4
Southern,Loamy,876.1,26.0,36.1,Local,Medium,3.57
Copperbelt,Silty,960.0,24.7,123.0,Local,High,4.23
Eastern,Clay,975.4,25.7,106.5,Local,Medium,3.43
Southern,Clay,1007.3,25.7,115.2,Hybrid-B,High,4.08
Copperbelt,Clay,897.3,24.9,217.8,Local,Medium,3.27
Central,Clay,774.9,25.2,37.5,Hybrid-B,High,3.64
Eastern,Loamy,822.0,30.8,151.7,Local,Low,3.85
Copperbelt,Loamy,981.0,27.7,91.4,Local,Medium,3.04
Central,Sandy,677.5,25.1,108.6,Hybrid-A,Medium,5.09
Copperbelt,Sandy,855.3,28.1,98.6,Hybrid-A,High,3.96
Central,Clay,741.0,25.0,87.3,Hybrid-A,Medium,4.54
Eastern,Clay,804.3,29.5,82.9,Hybrid-B,Medium,4.36
Southern,Clay,991.8,27.1,109.9,Hybrid-B,Medium,3.76
Central,Sandy,828.7,25.7,54.5,Local,Low,4.61
Copperbelt,Silty,807.0,27.3,122.5,Hybrid-B,Low,3.65
Eastern,Silty,596.0,21.3,87.5,Local,High,2.92
Central,Sandy,911.9,22.6,66.1,Hybrid-B,Low,3.51
Copperbelt,Sandy,896.8,22.4,86.5,Hybrid-B,High,2.7
Copperbelt,Sandy,1124.5,26.4,137.7,Hybrid-B,Low,1.82
Copperbelt,Sandy,753.8,31.2,83.9,Hybrid-A,High,2.82
Central,Sandy,832.9,32.7,110.8,Hybrid-B,Low,3.56
Central,Sandy,837.4,27.9,78.1,Hybrid-A,Low,4.35
Central,Clay,1036.6,27.5,122.7,Hybrid-A,High,2.82
Southern,Clay,785.7,20.6,120.6,Hybrid-B,Medium,4.31
Central,Clay,841.9,24.4,155.5,Local,Medium,2.53
Central,Clay,891.2,23.6,94.7,Local,Low,2.76
Central,Sandy,828.0,24.1,120.1,Local,High,4.66
Southern,Silty,733.0,25.5,102.9,Hybrid-B,Medium,3.54
Central,Loamy,829.1,24.6,138.9,Local,High,3.36
Copperbelt,Sandy,961.0,20.1,78.4,Hybrid-A,Medium,3.69
Central,Loamy,646.0,28.2,122.4,Local,High,2.53
Copperbelt,Silty,819.9,22.8,94.2,Hybrid-B,Low,3.24
Copperbelt,Clay,695.0,26.7,98.1,Local,High,3.5
Copperbelt,Silty,979.3,32.2,102.8,Hybrid-A,Medium,4.49
Southern,Sandy,571.5,23.2,107.6,Hybrid-B,Low,2.16
Southern,Clay,716.2,18.4,96.5,Local,High,4.91
Southern,Sandy,856.6,25.1,106.4,Hybrid-B,Medium,3.4
Central,Clay,1034.8,29.3,147.3,Hybrid-B,Low,2.61
Copperbelt,Loamy,790.1,31.9,129.6,Hybrid-B,High,2.47
Southern,Loamy,716.7,22.3,126.1,Local,Medium,3.72
Southern,Loamy,1082.2,27.5,86.3,Hybrid-B,High,2.42
Central,Silty,582.8,24.6,73.3,Local,High,3.05
Southern,Sandy,470.2,25.7,128.7,Hybrid-A,Low,3.3
Central,Silty,866.0,33.9,126.3,Local,Low,4.41
Eastern,Loamy,724.7,21.5,144.2,Hybrid-A,Medium,4.31
Southern,Sandy,646.8,26.8,81.9,Local,Low,2.99
Eastern,Loamy,906.3,27.4,93.1,Hybrid-B,Medium,3.33
Central,Silty,836.6,29.3,50.8,Local,High,2.22
Copperbelt,Silty,715.4,26.3,88.2,Hybrid-B,High,1.87
Southern,Silty,608.0,26.9,129.9,Hybrid-A,Medium,2.52
Central,Loamy,930.9,24.8,86.0,Local,High,4.4
Copperbelt,Sandy,897.5,26.8,119.2,Hybrid-B,Low,4.12
Copperbelt,Sandy,785.1,25.0,94.3,Hybrid-A,High,3.81
Eastern,Loamy,1077.0,27.9,109.7,Hybrid-A,Low,2.33
Central,Sandy,639.5,24.9,65.6,Local,Medium,2.93
Copperbelt,Loamy,571.2,27.1,102.6,Hybrid-A,Medium,2.81
Southern,Sandy,696.2,25.9,10.3,Hybrid-B,High,3.37
Southern,Clay,793.2,29.4,94.4,Hybrid-A,High,3.32
Eastern,Clay,836.5,25.8,51.1,Hybrid-A,Low,2.7
Copperbelt,Silty,763.8,20.7,136.2,Hybrid-B,Low,3.78
Central,Clay,852.8,29.8,123.3,Hybrid-A,High,3.68
Southern,Clay,612.3,23.3,114.0,Hybrid-A,High,2.92
Copperbelt,Clay,1016.6,24.0,145.6,Hybrid-A,Medium,3.74
Copperbelt,Loamy,787.7,24.2,71.5,Hybrid-A,Medium,4.4
Eastern,Clay,967.6,30.1,152.4,Hybrid-B,Medium,4.64
Southern,Clay,851.4,19.6,128.0,Hybrid-A,High,3.89
Southern,Silty,868.5,35.4,92.9,Hybrid-B,High,3.87
Central,Clay,885.5,29.2,134.1,Hybrid-A,High,3.31
Southern,Clay,867.2,26.7,66.8,Hybrid-A,Medium,4.32
Central,Sandy,896.4,25.8,75.3,Hybrid-A,High,2.64
Southern,Silty,999.4,26.9,81.7,Hybrid-A,Low,4.23
Eastern,Silty,829.5,27.6,84.1,Hybrid-B,High,3.27
Southern,Silty,906.4,27.9,68.3,Hybrid-B,High,4.69
Central,Silty,786.5,27.7,136.7,Hybrid-B,High,3.97
Central,Silty,1016.0,26.3,92.2,Local,High,3.45
Eastern,Silty,698.5,25.4,110.6,Hybrid-A,High,3.31
Southern,Loamy,1070.1,25.5,82.9,Hybrid-A,Low,3.92
Southern,Clay,794.0,25.4,45.4,Hybrid-B,Low,3.88
Eastern,Silty,585.4,29.4,108.1,Local,High,3.18
Southern,Clay,819.2,27.8,42.6,Hybrid-A,Medium,3.57
Southern,Clay,697.8,17.2,97.9,Hybrid-B,High,4.22
Central,Loamy,926.1,28.0,59.0,Hybrid-A,High,2.41
Southern,Silty,702.1,26.6,159.6,Hybrid-A,High,4.08
Southern,Sandy,733.1,25.9,127.3,Hybrid-B,Medium,3.92
Eastern,Loamy,516.6,24.8,103.2,Hybrid-B,Medium,4.45
Eastern,Sandy,732.2,29.4,137.9,Hybrid-A,Medium,2.93
Copperbelt,Clay,436.4,28.8,74.6,Hybrid-A,Low,3.5
Central,Clay,562.4,23.7,116.3,Hybrid-B,Medium,3.66
Southern,Loamy,914.1,27.2,106.0,Hybrid-A,Low,4.09
Southern,Loamy,917.9,23.1,107.9,Hybrid-A,Low,3.84
Copperbelt,Sandy,863.8,21.9,138.2,Hybrid-B,Medium,2.51
Southern,Silty,655.0,24.1,122.0,Hybrid-A,Medium,3.73
Central,Sandy,792.8,28.6,108.7,Hybrid-A,Medium,5.1
Copperbelt,Loamy,799.5,28.9,50.4,Local,Low,3.99
Central,Sandy,626.2,27.5,71.2,Hybrid-B,High,4.81
Copperbelt,Loamy,1025.5,28.2,96.3,Local,Medium,4.33
Copperbelt,Sandy,931.6,27.5,102.8,Local,Medium,4.59
Eastern,Loamy,766.9,24.1,66.1,Local,Medium,3.75
Central,Loamy,804.0,27.3,172.4,Hybrid-A,Low,3.92
Southern,Loamy,831.3,28.4,145.5,Hybrid-A,Low,3.7
Southern,Silty,493.7,28.3,118.1,Local,High,3.5
Central,Sandy,762.9,29.6,102.2,Local,Medium,4.09
Southern,Sandy,697.7,28.1,93.6,Local,Low,3.08
Southern,Sandy,649.8,27.1,71.4,Hybrid-A,High,5.01
Central,Loamy,757.8,29.2,102.3,Local,Medium,2.76
Copperbelt,Sandy,1069.7,25.9,107.7,Local,Low,4.15
Central,Sandy,896.1,23.4,62.7,Hybrid-B,Medium,4.6
Copperbelt,Loamy,714.3,25.5,110.0,Hybrid-B,Medium,3.36
Southern,Clay,885.9,23.8,95.3,Hybrid-A,Low,2.61
Southern,Loamy,1009.9,24.0,42.8,Hybrid-B,Low,4.42
Southern,Sandy,938.7,25.6,74.2,Hybrid-B,Low,3.66
Eastern,Loamy,808.9,23.6,87.6,Hybrid-B,Medium,4.15
Copperbelt,Clay,703.0,25.1,156.6,Hybrid-A,Medium,3.41
Eastern,Loamy,904.7,20.3,116.7,Hybrid-B,High,4.89
Eastern,Sandy,859.0,26.6,59.9,Hybrid-A,Medium,1.81
Central,Clay,934.3,26.0,114.6,Local,Low,3.8
Eastern,Silty,895.3,23.5,53.6,Hybrid-B,Medium,4.57
Central,Sandy,957.4,28.0,132.5,Hybrid-A,High,3.58
Central,Clay,719.7,28.8,85.9,Hybrid-B,High,3.74
Eastern,Clay,997.6,21.2,97.2,Local,Low,3.15
Copperbelt,Silty,829.6,23.7,139.8,Hybrid-A,Low,3.52
Copperbelt,Loamy,1111.3,23.7,61.4,Hybrid-A,High,2.16
Copperbelt,Loamy,696.6,23.2,58.1,Hybrid-A,High,2.93
Copperbelt,Sandy,1060.4,28.5,82.5,Local,High,2.87
Copperbelt,Silty,829.7,25.4,131.2,Local,Low,4.04
Eastern,Loamy,702.3,25.2,54.4,Local,High,3.04
Eastern,Silty,727.4,20.0,15.0,Hybrid-A,High,3.07
Southern,Loamy,751.9,27.9,86.5,Local,Low,3.2
Copperbelt,Clay,863.6,22.3,116.6,Hybrid-B,Medium,2.9
Eastern,Loamy,878.4,26.2,136.0,Local,Medium,3.72
Southern,Silty,713.9,26.8,86.1,Hybrid-A,High,3.8
Copperbelt,Clay,796.3,30.1,87.7,Hybrid-B,Medium,4.16
Central,Clay,1121.3,22.1,134.6,Local,Medium,4.02
Southern,Clay,1059.1,16.9,43.9,Hybrid-B,Medium,3.94
Eastern,Silty,865.4,26.6,88.3,Hybrid-B,Medium,3.24
Central,Sandy,805.7,31.4,105.7,Hybrid-A,High,3.19
Central,Sandy,818.0,29.7,113.5,Hybrid-B,Medium,2.8
Central,Sandy,892.0,26.6,84.7,Hybrid-B,Medium,2.79
Southern,Silty,646.6,24.5,101.0,Hybrid-A,Low,3.66
Eastern,Clay,761.4,28.4,25.4,Hybrid-A,High,2.92
Central,Sandy,549.7,23.1,80.3,Hybrid-A,Low,4.67
Copperbelt,Silty,859.9,27.4,113.6,Hybrid-B,Low,3.47
Central,Sandy,897.1,27.5,70.5,Hybrid-B,High,4.7
Central,Loamy,727.5,29.2,101.8,Hybrid-B,Medium,3.96
Southern,Sandy,1036.1,34.3,113.4,Hybrid-A,Low,2.88
Southern,Sandy,616.1,27.2,89.7,Local,High,3.45
Eastern,Clay,580.3,24.5,105.1,Hybrid-B,Medium,2.16
Copperbelt,Silty,833.7,25.9,71.1,Local,High,3.65
Southern,Clay,957.1,20.7,93.8,Hybrid-A,Low,2.95
Central,Clay,1052.6,23.9,118.3,Hybrid-B,Medium,2.61
Eastern,Clay,731.2,24.8,104.7,Local,Medium,4.72
Central,Clay,961.8,24.4,82.4,Hybrid-B,High,4.32
Central,Clay,794.2,26.5,106.7,Hybrid-B,Medium,4.3
Southern,Sandy,774.1,23.5,121.4,Hybrid-B,Low,4.13
Eastern,Clay,932.5,29.4,38.5,Local,Low,2.51
Copperbelt,Clay,897.8,26.0,134.8,Hybrid-A,Low,3.18
Copperbelt,Silty,563.5,26.0,89.9,Hybrid-B,High,3.23
Southern,Loamy,1021.5,25.0,112.8,Hybrid-A,Medium,2.13
Southern,Sandy,1007.0,26.5,135.9,Hybrid-A,Medium,3.05
Eastern,Sandy,706.2,28.5,58.8,Local,Medium,3.06
Copperbelt,Sandy,859.4,23.4,78.7,Local,Low,3.6
Copperbelt,Clay,874.1,24.0,91.3,Hybrid-A,Medium,5.53
Copperbelt,Clay,839.1,25.1,76.5,Hybrid-B,Low,3.48
Central,Clay,717.5,22.0,152.0,Local,Medium,3.6
Copperbelt,Silty,699.3,23.5,74.3,Hybrid-B,Low,3.3
Central,Loamy,796.2,24.6,83.3,Hybrid-B,Medium,4.09
Eastern,Clay,975.9,28.6,106.1,Hybrid-B,High,2.64
Central,Loamy,881.5,26.8,63.9,Hybrid-A,High,5.02
Eastern,Silty,744.4,26.6,88.1,Hybrid-B,Low,3.4
Copperbelt,Sandy,915.8,28.6,109.5,Hybrid-A,Low,3.18
Copperbelt,Clay,372.7,25.6,90.0,Hybrid-A,Medium,4.28
Eastern,Loamy,972.3,27.2,97.2,Hybrid-B,Medium,2.79
Southern,Loamy,539.0,25.7,84.1,Hybrid-B,High,4.08
Eastern,Clay,745.6,26.8,54.6,Hybrid-B,Medium,4.62
Southern,Sandy,632.0,24.3,109.6,Hybrid-B,Low,3.31
Central,Sandy,605.8,18.7,152.6,Hybrid-A,Low,5.14
Central,Sandy,974.1,25.6,100.6,Hybrid-B,Low,4.02
Central,Silty,729.8,30.3,106.8,Hybrid-B,Low,4.03
Copperbelt,Loamy,852.0,28.8,120.8,Hybrid-A,Low,4.59
Central,Loamy,793.0,28.9,61.9,Local,High,4.8
Southern,Loamy,871.6,29.7,151.1,Local,High,3.71
Central,Silty,811.5,26.3,106.1,Hybrid-A,Low,4.14
Eastern,Loamy,607.6,26.6,149.0,Local,Medium,4.62
Eastern,Silty,949.4,24.1,78.0,Hybrid-A,Low,2.57
Copperbelt,Sandy,725.9,25.1,154.5,Hybrid-B,High,2.12
Eastern,Clay,566.5,27.8,123.3,Hybrid-B,Low,3.45
Southern,Loamy,735.8,29.6,116.6,Local,High,2.1
Central,Loamy,1025.1,25.6,107.0,Hybrid-B,High,3.25
Copperbelt,Sandy,927.5,24.6,92.5,Local,Low,3.75
Central,Clay,747.7,26.0,136.0,Local,Low,3.28
Central,Silty,747.6,27.8,104.2,Hybrid-B,Medium,3.39
Southern,Clay,751.8,21.7,41.0,Hybrid-B,High,2.7
Eastern,Sandy,1111.5,19.1,66.5,Local,Medium,4.13
Eastern,Sandy,857.3,24.3,94.4,Hybrid-B,Low,2.65
Central,Clay,864.5,22.3,109.3,Hybrid-A,High,1.82
Copperbelt,Silty,954.5,24.5,98.3,Hybrid-B,Medium,3.33
Eastern,Silty,835.8,25.6,136.6,Hybrid-B,Medium,4.23
Copperbelt,Loamy,761.1,24.6,41.5,Hybrid-A,Medium,3.56
Eastern,Silty,770.5,30.4,104.3,Hybrid-B,Low,2.57
Copperbelt,Clay,789.3,27.0,45.5,Hybrid-B,Low,3.58
Southern,Sandy,794.4,26.9,122.8,Local,Low,3.85
Copperbelt,Loamy,909.1,27.9,97.2,Hybrid-B,High,3.57
Southern,Loamy,807.8,22.6,112.6,Hybrid-B,Low,3.29
Southern,Sandy,909.9,29.1,74.1,Hybrid-A,High,3.89
Copperbelt,Silty,787.9,25.8,138.4,Local,Medium,2.11
Southern,Sandy,811.8,28.0,131.3,Local,Medium,2.78
Central,Silty,500.3,22.8,117.5,Local,Low,2.46
Southern,Sandy,937.4,21.3,96.1,Hybrid-B,Medium,4.58
Eastern,Clay,852.0,28.5,117.4,Local,Low,4.07
Copperbelt,Silty,949.7,27.1,78.8,Hybrid-A,High,3.65
Central,Clay,365.6,23.3,125.7,Local,Medium,2.34
Copperbelt,Loamy,1113.3,23.4,149.5,Hybrid-A,Low,4.1
Eastern,Sandy,779.1,29.4,132.1,Local,Medium,4.61
Eastern,Loamy,966.2,22.4,78.1,Local,Medium,3.96
Eastern,Loamy,644.0,30.9,110.8,Hybrid-A,Low,3.47
Southern,Loamy,891.9,23.3,61.2,Local,Medium,4.01
Southern,Loamy,642.0,27.9,117.2,Local,Medium,3.72
Copperbelt,Sandy,706.4,25.0,113.5,Local,Medium,4.24
Copperbelt,Loamy,1087.1,27.8,43.9,Hybrid-B,Medium,4.22
Central,Sandy,771.4,24.4,65.1,Hybrid-A,High,3.32
Central,Sandy,832.6,25.5,91.5,Local,Medium,2.97
Copperbelt,Clay,930.5,26.1,91.0,Hybrid-A,Medium,3.18
Southern,Silty,874.4,23.0,63.7,Hybrid-A,Low,3.93
Eastern,Silty,822.6,28.2,111.7,Hybrid-A,High,3.23
Copperbelt,Sandy,854.7,24.5,107.5,Local,Low,2.9
Central,Clay,1160.5,25.3,94.2,Local,Low,3.5
Southern,Sandy,791.4,23.0,77.3,Hybrid-A,Low,4.39
Copperbelt,Sandy,830.2,18.3,131.5,Hybrid-B,High,3.61
Copperbelt,Sandy,957.6,25.4,149.7,Hybrid-A,Low,3.28
Southern,Clay,965.8,33.2,85.5,Hybrid-B,Low,3.76
Copperbelt,Silty,978.1,28.4,81.6,Hybrid-A,Low,3.57
Southern,Clay,895.8,25.9,114.7,Hybrid-A,Medium,1.95
Eastern,Loamy,628.5,25.2,89.3,Hybrid-A,Low,4.06
Southern,Clay,1045.0,26.1,95.8,Local,High,3.83
Southern,Clay,628.0,27.6,122.2,Hybrid-B,High,3.51
Southern,Clay,845.4,22.5,42.7,Hybrid-B,Medium,4.35
Copperbelt,Clay,686.9,29.3,139.5,Hybrid-A,High,4.47
Copperbelt,Silty,790.4,28.1,102.2,Local,High,4.14
Southern,Loamy,849.3,28.2,87.7,Local,Medium,2.82
Copperbelt,Silty,848.2,27.3,97.3,Hybrid-B,Low,2.85
Central,Silty,863.3,26.1,98.9,Local,Medium,4.39
Central,Clay,1042.1,28.0,48.1,Hybrid-B,Low,2.0
Copperbelt,Sandy,868.0,27.8,144.8,Hybrid-B,Low,3.38
Copperbelt,Sandy,763.4,24.9,101.2,Hybrid-B,High,3.85
Southern,Silty,944.6,24.3,113.3,Local,Medium,2.1
Eastern,Silty,978.4,26.3,128.5,Hybrid-B,High,3.69
Copperbelt,Clay,615.9,30.6,69.4,Hybrid-B,High,4.26
Central,Silty,889.6,22.3,114.2,Hybrid-A,Low,2.31
Southern,Clay,905.2,21.6,92.0,Hybrid-B,High,4.83
Copperbelt,Sandy,755.4,26.5,125.4,Hybrid-B,Medium,2.69
Central,Sandy,1006.4,26.2,36.2,Hybrid-A,High,3.96
Central,Loamy,777.5,26.5,97.0,Hybrid-A,High,3.43
Eastern,Sandy,818.8,26.7,81.9,Local,Low,3.56
Southern,Silty,774.0,25.3,113.0,Hybrid-B,Medium,2.47
Southern,Sandy,802.3,30.5,114.1,Local,High,4.51
Eastern,Clay,635.6,21.2,78.8,Local,Low,3.76
Eastern,Sandy,584.0,23.5,78.6,Hybrid-A,High,4.8
Southern,Loamy,1039.2,25.7,96.7,Local,Medium,2.49
Southern,Sandy,673.0,21.1,73.1,Hybrid-B,High,3.36
Copperbelt,Clay,651.3,25.5,125.3,Hybrid-A,High,3.67
Copperbelt,Clay,477.0,31.0,88.9,Hybrid-B,Low,3.55
Eastern,Silty,704.2,26.1,12.8,Hybrid-B,High,4.03
Copperbelt,Sandy,601.5,26.7,88.8,Hybrid-A,Low,3.34
Central,Clay,1046.3,22.2,68.8,Hybrid-B,Medium,5.2
Copperbelt,Loamy,951.5,24.2,51.1,Hybrid-A,High,3.53
Copperbelt,Silty,696.8,24.9,62.9,Hybrid-B,Medium,1.19
Central,Loamy,1137.9,25.0,103.3,Hybrid-A,Medium,3.57
Eastern,Sandy,947.3,29.8,139.9,Local,High,4.51
Central,Sandy,751.3,27.7,109.4,Hybrid-B,Low,2.76
Copperbelt,Sandy,425.1,22.7,81.8,Hybrid-A,Medium,2.71
Eastern,Silty,1143.6,26.7,113.7,Hybrid-B,Medium,2.83
Copperbelt,Clay,591.6,27.5,86.2,Hybrid-B,High,2.64
Central,Silty,553.2,29.4,79.2,Hybrid-B,High,3.12
Central,Loamy,953.4,30.7,65.4,Hybrid-A,High,4.23
Copperbelt,Silty,1166.0,23.0,47.4,Local,High,4.72
Southern,Loamy,1007.6,23.6,88.3,Local,High,1.56
Southern,Silty,884.6,22.2,104.7,Local,High,3.2
Central,Clay,889.2,25.3,97.1,Hybrid-A,Low,3.74
Central,Loamy,928.0,27.4,87.5,Local,Medium,3.66
Southern,Sandy,913.8,29.0,71.6,Hybrid-A,Low,5.02
Southern,Sandy,842.2,25.8,118.2,Hybrid-B,Low,1.89
Copperbelt,Silty,815.6,25.0,60.5,Hybrid-B,High,1.43
Copperbelt,Sandy,790.6,26.5,123.3,Local,Medium,5.15
Southern,Loamy,686.9,23.5,69.9,Hybrid-A,Low,4.1
Copperbelt,Sandy,757.9,32.3,77.4,Hybrid-B,High,3.04
Copperbelt,Clay,546.1,21.2,56.0,Hybrid-A,High,3.64
Eastern,Clay,785.2,26.6,85.0,Hybrid-A,Medium,3.69
Copperbelt,Silty,651.7,32.1,129.3,Hybrid-B,Low,3.02
Central,Loamy,634.5,26.0,115.5,Hybrid-A,Low,3.61
Copperbelt,Clay,827.0,25.4,129.4,Hybrid-B,Low,3.78
Copperbelt,Clay,1008.8,24.9,115.7,Hybrid-B,High,5.11
Southern,Loamy,937.7,25.5,66.9,Hybrid-B,Medium,4.27
Central,Sandy,564.4,30.1,90.1,Hybrid-A,Medium,4.89
Copperbelt,Sandy,651.6,19.4,76.6,Hybrid-B,Low,2.43
Copperbelt,Silty,941.1,30.6,139.9,Hybrid-A,High,3.22
Eastern,Sandy,652.6,21.7,64.1,Hybrid-B,Low,3.69
Copperbelt,Loamy,766.3,25.2,126.8,Hybrid-B,Medium,1.96
Copperbelt,Clay,882.5,24.7,126.8,Local,High,4.45
Eastern,Sandy,654.7,27.8,154.9,Local,Low,4.01
Southern,Silty,815.8,21.2,87.7,Local,Low,3.21
Copperbelt,Sandy,599.9,27.4,121.4,Hybrid-A,High,3.35
Eastern,Loamy,709.8,32.1,168.4,Hybrid-A,Medium,4.5
Central,Silty,848.0,21.9,81.5,Hybrid-B,High,2.86
Southern,Sandy,561.1,26.6,53.9,Hybrid-B,Low,4.54
Central,Silty,866.1,24.0,43.6,Hybrid-B,Low,3.3
Central,Loamy,797.1,27.3,121.4,Hybrid-B,Low,4.1
Eastern,Clay,882.9,26.1,43.5,Hybrid-A,Low,3.57
Copperbelt,Loamy,833.6,24.1,88.8,Hybrid-B,Medium,5.29
Eastern,Loamy,1004.6,27.5,113.1,Hybrid-B,Medium,2.79
Eastern,Loamy,818.8,31.4,105.6,Local,Low,3.04
Eastern,Loamy,735.6,25.4,112.8,Hybrid-B,Medium,2.3
Eastern,Clay,818.3,28.2,106.7,Hybrid-B,Medium,2.62
Southern,Clay,881.5,22.1,138.4,Hybrid-B,Medium,4.07
Copperbelt,Silty,807.3,23.1,71.4,Hybrid-A,Low,4.78
Central,Sandy,806.1,27.4,79.7,Local,High,4.16
Central,Clay,694.7,30.5,76.8,Hybrid-B,High,3.5
Copperbelt,Clay,700.6,27.1,124.9,Hybrid-B,High,2.79
Central,Sandy,589.6,25.1,127.0,Local,Low,4.22
Copperbelt,Clay,1062.4,26.0,113.5,Hybrid-B,Medium,2.74
Central,Loamy,613.4,22.2,135.5,Hybrid-A,Medium,2.42
Eastern,Loamy,696.1,27.8,64.7,Hybrid-B,Low,3.25
Central,Sandy,692.2,28.6,150.0,Hybrid-A,Low,1.87
Copperbelt,Silty,934.2,24.6,145.7,Hybrid-A,High,2.39
Copperbelt,Silty,755.8,24.6,122.1,Hybrid-B,High,5.01
Copperbelt,Sandy,987.2,26.8,153.5,Local,Low,2.25
Copperbelt,Sandy,699.0,24.7,50.3,Hybrid-A,High,2.55
Copperbelt,Loamy,841.8,25.8,84.3,Local,Medium,3.56
Southern,Silty,674.7,32.3,77.9,Hybrid-B,Low,3.6
Southern,Clay,1121.8,25.3,121.6,Hybrid-A,Low,3.31
Central,Loamy,621.9,24.9,68.5,Hybrid-B,Medium,1.9
Copperbelt,Sandy,846.5,24.1,122.7,Local,Medium,4.18
Central,Silty,895.1,28.2,141.1,Hybrid-B,Medium,3.15
Copperbelt,Clay,862.1,25.5,120.9,Hybrid-B,High,4.48
Copperbelt,Clay,772.2,24.1,108.5,Hybrid-A,Low,2.98
Southern,Loamy,780.5,30.0,70.4,Hybrid-B,High,4.29
Southern,Silty,806.6,30.3,74.6,Hybrid-B,Medium,4.54
Eastern,Silty,777.9,24.2,137.5,Hybrid-B,High,3.13
Southern,Sandy,944.6,20.4,123.4,Hybrid-A,Medium,4.2
Eastern,Silty,1131.6,29.0,98.8,Local,High,2.44
Eastern,Silty,716.4,23.9,87.5,Local,High,3.71
Eastern,Loamy,594.5,28.4,39.2,Hybrid-B,Medium,4.48
Eastern,Silty,786.8,20.1,67.9,Hybrid-A,High,3.91
Eastern,Clay,1187.0,28.7,157.3,Hybrid-B,Low,5.42
Central,Loamy,679.4,22.4,61.6,Local,High,3.96
Southern,Loamy,1045.9,28.2,105.7,Hybrid-A,High,3.21
Eastern,Sandy,1051.7,26.0,130.2,Local,Low,5.77
Copperbelt,Silty,717.0,23.1,62.4,Local,Medium,4.81
Southern,Sandy,885.3,24.8,105.5,Hybrid-A,Low,2.22
Southern,Clay,1044.3,28.1,128.1,Hybrid-A,High,2.87
Eastern,Loamy,743.1,26.3,100.4,Hybrid-B,Medium,2.67
Central,Loamy,769.5,27.8,186.1,Hybrid-B,High,4.02
Eastern,Loamy,712.7,31.9,49.9,Local,High,3.96
Central,Clay,647.8,21.3,131.8,Hybrid-A,Low,3.95
Copperbelt,Clay,702.6,30.9,94.8,Hybrid-A,Low,2.2
Southern,Sandy,616.4,26.3,123.2,Hybrid-B,Medium,2.99
Copperbelt,Sandy,805.1,23.3,113.2,Local,Medium,3.38
Central,Sandy,684.5,22.0,78.0,Local,Medium,2.04
Central,Silty,835.1,25.4,106.9,Hybrid-B,High,2.8
Copperbelt,Loamy,566.6,28.8,44.3,Hybrid-A,Low,4.59
Central,Loamy,849.6,25.6,118.1,Hybrid-B,Low,2.26
Copperbelt,Sandy,925.0,30.5,108.9,Hybrid-B,Low,4.66
Southern,Loamy,500.9,21.6,119.2,Hybrid-B,Medium,4.37
Copperbelt,Sandy,856.1,26.0,131.7,Hybrid-B,Low,3.27
Southern,Silty,984.2,22.2,111.0,Hybrid-A,Low,2.98
Copperbelt,Silty,618.6,27.1,104.4,Hybrid-B,Low,4.17
Central,Clay,1050.9,28.7,73.6,Hybrid-A,Medium,2.87
Copperbelt,Silty,862.9,24.7,78.6,Hybrid-B,Low,2.91
Central,Sandy,694.2,18.2,135.6,Local,Medium,3.48
Copperbelt,Silty,791.6,26.6,143.1,Hybrid-A,Low,1.8
Copperbelt,Clay,883.7,27.3,92.9,Local,Low,2.34
Eastern,Loamy,811.4,27.2,101.4,Hybrid-B,Low,3.25
Central,Sandy,880.8,29.7,72.9,Hybrid-B,Medium,3.88
Eastern,Loamy,661.9,22.8,135.2,Hybrid-B,Medium,2.86
Central,Clay,825.4,28.0,120.0,Hybrid-A,Low,3.34
Eastern,Clay,587.9,29.6,158.2,Local,High,2.21
Southern,Clay,783.3,20.7,73.7,Hybrid-A,Medium,4.25
Copperbelt,Loamy,664.4,27.0,88.7,Hybrid-A,Medium,3.68
Central,Loamy,689.7,24.5,106.9,Hybrid-B,Low,3.75
Central,Loamy,985.4,25.8,119.4,Local,High,3.89
Copperbelt,Loamy,963.7,27.0,93.5,Hybrid-B,Low,3.56
Central,Clay,891.4,24.5,73.8,Hybrid-A,Medium,3.11
Central,Clay,636.2,24.0,126.4,Hybrid-B,Medium,4.4
Eastern,Sandy,752.5,26.1,121.6,Local,Low,3.63
Central,Sandy,982.0,22.7,72.5,Hybrid-B,Low,3.37
Southern,Loamy,821.3,22.7,140.7,Local,High,3.49
Southern,Silty,1147.9,28.0,135.1,Local,High,3.48
Copperbelt,Silty,859.0,22.6,104.0,Hybrid-B,Medium,3.36
Central,Clay,828.8,28.0,102.4,Hybrid-A,High,3.86
Copperbelt,Clay,753.6,27.4,116.6,Hybrid-B,High,2.75
Southern,Clay,820.0,20.8,74.1,Hybrid-A,Medium,2.81
Central,Sandy,777.1,24.0,100.9,Hybrid-A,Medium,3.95
Central,Sandy,906.2,29.6,35.4,Hybrid-B,Medium,3.38
Copperbelt,Clay,943.5,23.1,126.3,Hybrid-A,Medium,4.28
Southern,Clay,682.1,24.6,53.2,Hybrid-A,Low,3.83
Central,Clay,600.3,27.4,145.1,Hybrid-B,Medium,3.06
Copperbelt,Silty,524.6,28.4,90.1,Hybrid-B,Medium,3.96
Southern,Sandy,876.2,25.2,93.6,Hybrid-B,Medium,4.46
Copperbelt,Silty,634.5,24.2,81.2,Hybrid-A,High,3.86
Eastern,Silty,477.1,30.3,91.4,Local,Medium,4.03
Central,Clay,858.3,31.2,142.6,Hybrid-A,Low,3.36
Eastern,Clay,1173.9,28.9,25.4,Local,Low,4.29
Southern,Loamy,799.1,26.3,138.3,Hybrid-B,Medium,3.04
Eastern,Loamy,925.8,23.6,110.1,Local,Low,3.77
Eastern,Silty,812.3,23.5,63.8,Hybrid-B,High,5.56
Southern,Sandy,785.2,27.6,67.7,Hybrid-B,Medium,3.93
Copperbelt,Clay,937.9,27.3,150.3,Local,Low,3.16
Eastern,Clay,756.5,30.2,71.6,Hybrid-B,Low,3.16
Copperbelt,Silty,840.1,28.0,65.4,Local,Medium,3.44
Eastern,Loamy,848.3,21.5,134.1,Hybrid-B,Low,4.18
Copperbelt,Sandy,699.8,29.2,110.2,Hybrid-A,Medium,3.62
Southern,Loamy,948.8,23.0,71.9,Hybrid-A,Low,2.98
Eastern,Loamy,773.8,24.8,106.5,Hybrid-B,High,2.98
Southern,Loamy,686.6,26.8,69.2,Hybrid-B,Low,3.62
Eastern,Loamy,880.5,32.0,133.0,Local,Low,3.53
Southern,Clay,665.2,35.3,131.8,Hybrid-A,Medium,3.86
Southern,Clay,804.2,27.8,116.0,Local,Low,4.23
Eastern,Loamy,798.6,25.5,110.8,Hybrid-B,Medium,5.68
Eastern,Sandy,962.9,27.6,152.8,Hybrid-B,High,2.33
Eastern,Silty,871.2,28.7,100.0,Local,Medium,4.05
Central,Sandy,796.2,25.0,64.5,Hybrid-B,Medium,3.58
Copperbelt,Sandy,922.7,31.4,113.5,Hybrid-A,Low,2.02
Central,Sandy,1008.5,26.7,162.6,Local,High,4.5
Central,Loamy,883.7,27.5,69.6,Hybrid-A,Medium,3.84
Southern,Clay,801.6,28.0,89.2,Hybrid-A,Low,4.14
Eastern,Sandy,603.2,27.3,112.5,Hybrid-A,Low,2.14
Copperbelt,Loamy,640.2,28.5,98.4,Local,Medium,3.32
Southern,Sandy,754.2,24.1,70.5,Hybrid-B,Low,2.64
Central,Sandy,708.6,24.3,133.7,Hybrid-A,Medium,5.23
Eastern,Loamy,772.0,22.7,169.6,Hybrid-A,Medium,4.42
Southern,Clay,808.5,27.3,105.9,Hybrid-A,Medium,2.96
Eastern,Clay,879.5,28.3,72.9,Hybrid-B,High,2.27
Southern,Silty,789.4,27.4,53.5,Hybrid-B,Medium,3.66
Eastern,Loamy,873.0,31.0,107.7,Local,Low,4.37
Central,Silty,809.7,26.0,133.1,Hybrid-B,High,2.11
Copperbelt,Silty,503.7,28.0,114.3,Local,Low,2.75
Central,Silty,659.1,22.7,99.9,Local,High,2.62
Copperbelt,Clay,778.4,24.8,82.3,Local,High,4.19
Eastern,Loamy,618.5,28.1,67.2,Local,High,3.2
Southern,Silty,890.0,28.5,125.0,Local,High,3.24
Central,Loamy,1029.6,25.1,127.4,Hybrid-A,Low,3.64
Copperbelt,Loamy,982.8,25.8,53.6,Hybrid-B,Medium,2.8
Central,Clay,768.0,21.4,147.7,Hybrid-A,Low,2.35
Copperbelt,Silty,1023.6,24.9,117.2,Local,Medium,4.6
Central,Silty,822.3,28.7,142.0,Hybrid-B,Low,4.67
Copperbelt,Loamy,749.4,27.7,59.7,Hybrid-A,High,3.64
Copperbelt,Sandy,708.0,27.5,59.0,Hybrid-A,High,3.7
Eastern,Clay,754.6,26.1,95.5,Local,Medium,4.51
Copperbelt,Clay,741.8,26.0,115.1,Hybrid-A,Medium,3.63
Eastern,Clay,825.6,24.0,153.9,Hybrid-A,Low,3.16
Copperbelt,Clay,824.1,28.1,121.2,Hybrid-A,Medium,3.53
Southern,Silty,800.5,27.3,92.7,Hybrid-A,Low,4.61
Southern,Silty,865.5,27.5,69.2,Hybrid-A,Medium,3.54
Southern,Sandy,978.6,24.4,136.9,Local,Medium,2.96
Copperbelt,Clay,942.4,19.5,71.1,Local,Medium,3.62
Eastern,Clay,577.3,29.3,148.9,Hybrid-A,High,4.02
Eastern,Loamy,416.9,24.6,91.5,Local,High,3.93
Copperbelt,Silty,940.1,23.4,147.7,Local,Low,3.94
Southern,Clay,595.0,28.1,120.4,Hybrid-B,Medium,2.84
Southern,Sandy,766.3,24.8,95.9,Hybrid-A,Low,4.12
Eastern,Sandy,624.5,29.2,84.4,Local,Medium,3.52
Southern,Silty,529.7,27.9,89.8,Local,High,2.93
Central,Sandy,881.2,28.1,112.8,Hybrid-A,High,4.11
Eastern,Sandy,913.9,21.9,102.3,Hybrid-B,Medium,3.14
Southern,Silty,713.5,29.6,82.2,Hybrid-A,Medium,2.24
Eastern,Clay,411.3,26.8,95.0,Hybrid-B,High,2.7
Central,Clay,718.1,24.9,102.4,Hybrid-A,High,3.35
Eastern,Sandy,858.8,26.4,36.1,Hybrid-A,Low,3.96
Eastern,Sandy,578.2,20.7,113.7,Hybrid-A,High,2.81
Eastern,Clay,827.5,27.2,70.6,Hybrid-A,Medium,3.31
Eastern,Silty,797.7,22.9,65.4,Hybrid-B,Low,2.53
Central,Sandy,886.9,21.9,49.4,Hybrid-B,Medium,4.29
Copperbelt,Loamy,817.9,21.4,46.2,Local,Low,4.87
Eastern,Silty,654.0,29.3,59.3,Hybrid-A,Medium,4.79
Eastern,Sandy,979.5,24.1,78.7,Hybrid-B,High,4.27
Southern,Sandy,776.2,30.6,158.6,Hybrid-B,Medium,4.19
Eastern,Loamy,795.9,24.4,84.2,Hybrid-B,Low,1.84
Southern,Loamy,660.0,20.9,105.3,Hybrid-A,Medium,3.64
Copperbelt,Clay,733.5,22.7,112.0,Local,Low,3.1
Central,Silty,667.3,29.7,103.9,Hybrid-B,Medium,4.2
Central,Silty,774.1,25.5,97.7,Hybrid-A,High,1.47
Copperbelt,Clay,1056.8,24.4,64.1,Hybrid-B,High,3.65
Central,Silty,594.2,26.5,143.5,Hybrid-B,Medium,3.33
Copperbelt,Silty,558.0,27.5,154.2,Local,Medium,4.39
Copperbelt,Silty,1020.7,29.4,49.5,Hybrid-B,Medium,4.74
Copperbelt,Silty,768.6,30.3,69.3,Hybrid-B,Low,2.76
Central,Silty,699.6,24.9,91.6,Hybrid-A,Medium,2.79
Southern,Loamy,956.0,22.0,71.1,Hybrid-A,Medium,3.68
Copperbelt,Silty,709.2,24.8,115.2,Local,Low,4.89
Eastern,Loamy,1073.9,26.8,78.2,Hybrid-A,High,3.55
Central,Silty,901.7,23.1,165.0,Hybrid-A,Medium,2.48
Copperbelt,Clay,726.8,23.1,135.7,Local,Medium,3.02
Copperbelt,Sandy,1123.6,27.0,106.4,Hybrid-B,High,3.66
Eastern,Loamy,709.1,25.9,130.8,Local,High,3.69
Southern,Silty,911.3,26.1,133.2,Hybrid-A,Low,2.94
Southern,Clay,844.9,23.7,83.1,Local,Medium,3.0
Southern,Sandy,995.3,25.3,75.5,Hybrid-B,Medium,2.71
Copperbelt,Loamy,1034.2,23.2,102.3,Local,Low,4.41
Copperbelt,Sandy,804.8,28.7,125.8,Hybrid-A,High,2.83
Copperbelt,Clay,687.0,29.1,104.2,Hybrid-A,Low,3.13
Central,Loamy,869.0,20.5,52.7,Local,High,3.11
Eastern,Sandy,698.3,23.2,75.9,Hybrid-B,Low,2.22
Copperbelt,Silty,1102.0,21.5,97.8,Local,High,2.81
Eastern,Loamy,820.5,24.0,97.7,Hybrid-B,Low,4.48
Eastern,Sandy,745.2,25.7,159.2,Hybrid-B,High,2.53
Southern,Clay,827.7,21.7,58.4,Local,High,2.73
Central,Clay,597.9,23.2,115.2,Hybrid-B,High,2.43
Copperbelt,Loamy,654.3,23.0,144.7,Hybrid-A,High,3.43
Southern,Sandy,980.1,26.6,168.1,Local,High,5.01
Southern,Loamy,701.5,26.2,87.9,Hybrid-B,Medium,3.39
Copperbelt,Loamy,643.0,23.8,114.7,Hybrid-A,High,3.55
Eastern,Sandy,880.5,26.5,117.1,Local,Medium,2.86
Southern,Sandy,977.9,24.4,105.9,Hybrid-A,High,3.45
Eastern,Silty,907.8,25.2,97.0,Hybrid-A,Medium,4.48
Central,Sandy,949.4,31.0,113.1,Hybrid-A,Medium,3.61
Eastern,Clay,686.5,30.0,24.0,Hybrid-B,Low,5.21
Central,Loamy,586.7,22.1,120.5,Local,High,4.51
Eastern,Loamy,1025.2,28.5,103.8,Local,Low,3.43
Southern,Clay,751.6,28.4,93.3,Hybrid-B,Low,3.42
Southern,Sandy,762.4,22.6,161.4,Local,High,4.8
Central,Clay,999.2,28.5,79.8,Hybrid-A,Low,3.61
Copperbelt,Clay,883.4,30.6,87.9,Local,High,4.63
Central,Silty,868.4,22.6,159.7,Hybrid-B,Low,5.1
Central,Clay,1124.8,23.2,75.0,Hybrid-A,High,3.34
Eastern,Loamy,703.5,29.1,83.5,Hybrid-B,High,3.78
Eastern,Clay,939.2,26.8,95.6,Hybrid-A,High,4.28
Central,Loamy,808.6,27.7,125.2,Hybrid-A,Medium,4.11
Southern,Loamy,840.3,27.0,106.2,Local,Low,4.11
Eastern,Loamy,1029.3,27.2,61.2,Hybrid-A,Medium,2.43
Copperbelt,Sandy,876.2,22.0,84.0,Hybrid-B,Low,2.82
Eastern,Silty,880.7,29.1,81.8,Local,Low,3.1
Eastern,Loamy,960.9,29.5,97.7,Hybrid-B,Low,4.47
Copperbelt,Loamy,745.3,25.3,112.8,Hybrid-A,Medium,2.51
Central,Sandy,674.1,25.9,112.5,Hybrid-B,Low,4.72
Copperbelt,Loamy,643.3,21.4,46.7,Hybrid-B,Medium,4.12
Central,Clay,505.0,27.5,131.9,Hybrid-A,High,4.42
Central,Clay,1108.4,27.7,107.6,Local,Low,2.76
Central,Silty,634.5,25.8,141.5,Hybrid-B,Low,3.56
Copperbelt,Loamy,766.8,29.4,113.3,Hybrid-A,High,3.74
Central,Sandy,758.5,25.0,133.0,Local,High,3.7
Southern,Clay,846.1,27.7,114.0,Local,Low,3.74
Copperbelt,Sandy,922.4,22.9,140.4,Local,High,3.28
Southern,Sandy,929.1,25.9,115.7,Hybrid-B,Medium,3.61
Central,Clay,712.5,25.5,97.1,Hybrid-B,Medium,4.33
Eastern,Sandy,774.9,26.7,168.2,Hybrid-B,Low,2.57
Central,Clay,842.4,24.9,126.7,Local,Medium,4.74
Southern,Sandy,762.7,25.6,117.2,Hybrid-B,Medium,4.29
Southern,Clay,1041.1,28.5,61.7,Hybrid-A,Low,2.73
Copperbelt,Loamy,873.6,24.7,61.4,Hybrid-B,High,3.81
Eastern,Silty,910.2,21.2,108.8,Hybrid-B,Low,4.22
Copperbelt,Clay,899.4,31.2,104.4,Local,Medium,2.51
Southern,Clay,976.0,30.1,81.6,Hybrid-B,Low,3.53
Central,Silty,827.2,22.1,104.2,Hybrid-A,Low,3.44
Eastern,Clay,605.5,28.1,147.7,Local,Medium,2.98
Central,Clay,860.0,24.5,120.9,Hybrid-A,Medium,3.57
Central,Sandy,702.3,26.8,65.8,Local,Low,3.02
Eastern,Silty,720.7,26.9,96.7,Local,Medium,4.6
Copperbelt,Loamy,888.0,25.3,75.9,Hybrid-B,Medium,3.0
Central,Clay,985.7,23.6,88.4,Hybrid-A,Medium,4.13
Southern,Silty,803.2,23.9,87.6,Local,Medium,2.18
Central,Sandy,846.3,23.3,85.7,Hybrid-B,Medium,3.37
Eastern,Loamy,1055.3,23.5,62.3,Local,Medium,3.51
Eastern,Silty,836.1,25.8,96.2,Local,High,3.34
Eastern,Loamy,1190.3,23.9,83.2,Local,Low,3.18
Copperbelt,Loamy,884.8,28.0,12.1,Local,Medium,2.97
Central,Loamy,535.9,30.5,161.6,Local,Low,4.1
Copperbelt,Clay,913.0,24.3,132.7,Local,High,4.3
Copperbelt,Clay,857.2,26.7,88.7,Hybrid-B,Medium,3.43
Eastern,Sandy,993.5,27.5,100.6,Local,Low,2.62
Eastern,Sandy,901.0,27.4,64.9,Hybrid-A,Medium,4.94
Copperbelt,Silty,779.2,26.2,150.9,Hybrid-B,Medium,2.8
Central,Sandy,616.4,28.2,156.9,Hybrid-A,Medium,2.33
Southern,Loamy,768.6,27.4,104.7,Local,Medium,1.89
Copperbelt,Loamy,672.4,22.3,130.7,Hybrid-A,Medium,3.58
Central,Clay,712.9,28.6,105.3,Local,Medium,3.33
Eastern,Loamy,888.3,28.7,59.9,Local,Medium,4.32
Eastern,Silty,1050.5,23.7,87.6,Hybrid-B,High,3.99
Central,Loamy,859.2,26.1,104.0,Hybrid-B,High,3.73
Southern,Loamy,620.6,28.0,86.4,Local,Medium,3.28
Eastern,Silty,866.7,25.4,93.4,Hybrid-B,Medium,4.39
Eastern,Sandy,979.5,29.2,97.3,Hybrid-A,High,4.99
Eastern,Sandy,708.5,33.1,97.6,Hybrid-B,High,4.31
Central,Silty,779.9,23.6,101.6,Hybrid-B,High,3.13
Copperbelt,Clay,802.2,21.9,68.2,Hybrid-A,Medium,4.13
Eastern,Loamy,682.3,26.9,78.5,Hybrid-B,Low,3.18
Copperbelt,Silty,897.2,28.2,61.5,Local,Low,2.62
Southern,Loamy,781.9,25.3,129.3,Hybrid-A,Low,2.78
Eastern,Clay,862.9,30.4,36.8,Local,Low,3.21
Eastern,Loamy,666.9,22.0,134.6,Hybrid-A,Medium,3.58
Southern,Silty,734.4,28.1,141.6,Local,Low,5.15
Eastern,Loamy,908.4,24.2,90.9,Local,High,2.79
Copperbelt,Sandy,744.1,31.2,21.9,Hybrid-B,High,4.56
Central,Clay,1059.0,32.0,89.2,Local,Low,3.25
Copperbelt,Clay,740.1,23.7,98.1,Hybrid-B,High,1.89
Central,Clay,833.7,24.4,69.7,Hybrid-A,Medium,3.1
Central,Silty,939.9,28.6,84.5,Local,Low,4.44
Copperbelt,Clay,587.2,24.8,145.9,Local,Low,3.78
Copperbelt,Sandy,535.9,25.9,119.9,Hybrid-A,Medium,3.82
Copperbelt,Silty,571.2,26.1,72.3,Hybrid-A,High,4.56
Copperbelt,Sandy,989.4,20.2,52.1,Local,Medium,2.67
Southern,Loamy,717.2,26.0,90.2,Hybrid-A,Medium,2.66
Eastern,Loamy,1183.7,23.9,93.6,Hybrid-B,High,1.69
Central,Loamy,715.4,24.5,114.9,Hybrid-A,Medium,4.2
Copperbelt,Loamy,827.7,30.3,83.9,Hybrid-A,High,3.95
Copperbelt,Sandy,1031.3,22.2,115.3,Local,High,4.08
Copperbelt,Silty,1100.9,28.4,158.1,Hybrid-B,Medium,2.55
Southern,Silty,1109.2,25.2,124.5,Hybrid-A,High,2.22
Copperbelt,Clay,981.3,25.2,98.6,Hybrid-B,Medium,2.44
Copperbelt,Sandy,953.6,28.4,94.5,Hybrid-B,High,2.76
Copperbelt,Loamy,888.9,27.0,89.3,Hybrid-B,Low,4.74
Eastern,Sandy,916.8,27.7,135.4,Local,High,4.3
Southern,Clay,717.3,28.9,81.2,Hybrid-A,High,3.13
Copperbelt,Clay,677.3,25.0,101.4,Local,Medium,3.74
Central,Sandy,799.5,24.2,101.5,Hybrid-A,High,2.96
Central,Sandy,774.5,22.7,84.9,Hybrid-A,Low,3.79
Central,Sandy,732.0,23.5,58.8,Local,Low,2.59
Southern,Silty,904.5,34.8,109.7,Hybrid-B,High,4.1
Southern,Loamy,943.3,29.7,98.2,Hybrid-B,High,2.82
Central,Sandy,813.3,21.9,115.0,Hybrid-A,Low,4.14
Copperbelt,Sandy,1021.6,22.0,84.0,Local,Medium,3.16
Southern,Sandy,628.7,27.4,136.6,Hybrid-B,Low,2.87
Central,Clay,771.0,27.6,73.7,Hybrid-B,Low,4.79
Central,Clay,692.5,27.6,151.4,Hybrid-A,High,3.64
Copperbelt,Silty,520.0,25.2,47.6,Hybrid-A,High,3.24
Eastern,Loamy,787.6,25.6,113.0,Local,Low,4.11
Southern,Silty,781.7,27.0,114.3,Hybrid-A,Medium,2.43
Copperbelt,Loamy,1027.0,26.3,76.1,Hybrid-B,Low,4.39
Central,Clay,894.6,19.3,112.7,Hybrid-B,Low,3.39
Central,Clay,646.4,25.3,138.4,Hybrid-B,Medium,3.98
Copperbelt,Clay,1078.1,23.4,33.5,Hybrid-B,Low,2.26
Southern,Silty,983.2,26.5,115.1,Local,Low,3.19
Eastern,Sandy,887.3,35.0,25.2,Local,High,3.5
Eastern,Sandy,766.0,27.1,71.0,Hybrid-A,Medium,4.32
Central,Clay,656.1,25.1,148.9,Hybrid-A,High,4.04
Southern,Sandy,744.2,28.8,82.5,Hybrid-A,High,3.19
Eastern,Sandy,963.3,27.4,64.8,Local,Medium,3.75
Southern,Silty,1082.7,27.3,94.1,Hybrid-B,Medium,4.51
Southern,Loamy,1031.5,27.8,162.0,Hybrid-A,Low,3.34
Central,Clay,726.7,32.2,45.0,Hybrid-B,High,3.25
Eastern,Clay,632.1,22.6,68.5,Hybrid-A,Medium,1.99
Copperbelt,Silty,821.1,27.4,144.9,Hybrid-A,High,3.28
Central,Silty,534.7,23.2,155.7,Hybrid-A,High,2.11
Eastern,Sandy,848.5,27.7,96.9,Hybrid-A,Medium,3.41
Eastern,Clay,777.9,23.2,62.8,Hybrid-A,Low,4.29
Eastern,Loamy,730.1,24.7,162.9,Hybrid-B,High,1.8
Eastern,Silty,560.8,25.1,147.8,Hybrid-A,Medium,4.49
Eastern,Loamy,877.0,28.9,120.4,Hybrid-B,Low,3.24
Southern,Loamy,720.1,28.8,75.6,Local,High,3.48
Central,Clay,624.5,22.3,98.5,Hybrid-A,Medium,3.1
Southern,Clay,369.2,26.2,95.2,Hybrid-B,High,2.13
Copperbelt,Silty,795.9,23.9,109.9,Local,Medium,2.87
Eastern,Clay,1065.8,22.2,143.5,Local,Medium,5.18
Central,Clay,1049.2,25.3,126.4,Local,High,2.62
Eastern,Clay,731.4,25.1,67.7,Hybrid-B,High,2.23
Central,Loamy,709.7,33.3,141.3,Hybrid-A,Medium,3.61
Southern,Silty,870.3,27.3,109.4,Hybrid-A,Low,3.43
Central,Sandy,650.2,21.9,120.6,Hybrid-B,High,3.24
Copperbelt,Loamy,845.3,24.3,144.0,Hybrid-A,Medium,3.51
Copperbelt,Clay,914.9,29.1,66.7,Hybrid-B,Medium,4.02
Central,Loamy,984.0,32.3,98.9,Hybrid-A,Low,3.03
Central,Clay,785.0,21.2,84.1,Local,Low,3.66
Central,Clay,769.4,20.4,53.0,Hybrid-A,Low,4.32
Central,Loamy,668.3,31.6,110.4,Hybrid-B,High,2.7
Copperbelt,Silty,676.0,27.2,175.3,Hybrid-B,Medium,1.64
Eastern,Clay,766.0,23.4,44.8,Local,Medium,4.04
Central,Silty,855.1,27.6,99.0,Hybrid-B,Medium,5.5
Central,Sandy,937.0,18.1,119.2,Hybrid-A,Low,3.49
Copperbelt,Clay,679.5,26.0,103.7,Hybrid-A,Medium,3.66
Copperbelt,Silty,1023.9,27.0,96.6,Local,High,3.26
Southern,Silty,759.3,28.8,61.0,Hybrid-B,Low,4.77
Central,Sandy,796.8,23.0,107.0,Local,Low,3.44
Southern,Silty,687.9,26.3,77.3,Hybrid-A,Low,3.35
Copperbelt,Silty,436.4,23.2,34.3,Local,Low,4.23
Copperbelt,Sandy,932.6,26.8,135.8,Hybrid-B,High,3.11
Eastern,Clay,910.5,23.3,128.8,Local,Medium,2.47
Central,Silty,757.8,24.8,101.5,Hybrid-B,High,4.21
Southern,Silty,810.0,23.0,106.9,Hybrid-B,Medium,3.03
Copperbelt,Silty,877.4,28.0,132.2,Hybrid-A,High,2.72
Copperbelt,Loamy,565.6,28.6,106.7,Hybrid-A,Low,5.18
Southern,Sandy,720.6,25.3,127.1,Hybrid-A,Low,3.36
Eastern,Loamy,919.1,26.1,91.1,Hybrid-B,High,3.9
Copperbelt,Sandy,611.9,21.7,139.4,Local,High,3.52
Central,Clay,844.0,25.1,109.6,Hybrid-B,Medium,2.79
Copperbelt,Clay,596.5,25.8,105.8,Hybrid-A,High,4.05
Central,Silty,870.0,33.9,61.9,Hybrid-A,High,3.75
Southern,Sandy,794.7,22.7,108.6,Local,Medium,2.97
Central,Clay,557.7,30.4,75.0,Hybrid-A,Medium,3.85
Southern,Sandy,974.7,29.0,80.9,Hybrid-A,Medium,3.09
Central,Clay,689.8,26.8,75.5,Hybrid-A,High,2.62
Southern,Loamy,678.5,31.3,68.0,Local,Medium,2.54
Central,Clay,830.1,27.1,163.7,Hybrid-B,Low,3.72
Eastern,Loamy,972.3,27.2,139.9,Hybrid-A,Low,3.19
Central,Clay,647.6,25.8,157.6,Local,Low,4.7
Central,Silty,809.3,29.7,63.3,Hybrid-A,High,3.47
Eastern,Loamy,864.3,29.3,102.1,Local,Low,2.87
Copperbelt,Clay,904.0,24.1,61.2,Hybrid-A,High,3.63
Copperbelt,Silty,826.5,22.0,79.1,Local,High,2.46
Central,Loamy,744.9,25.4,72.5,Hybrid-A,Low,3.43
Eastern,Silty,675.9,23.6,137.2,Hybrid-B,Medium,3.76
Central,Sandy,812.9,25.8,88.1,Hybrid-A,High,3.66
Southern,Sandy,639.2,29.7,132.1,Local,Low,4.54
Southern,Loamy,361.8,24.6,118.1,Hybrid-A,High,5.58
Central,Clay,865.5,25.9,169.1,Hybrid-B,Medium,4.04
Copperbelt,Loamy,935.6,26.2,55.6,Hybrid-A,Medium,4.44
Copperbelt,Silty,445.6,28.5,137.8,Local,Low,5.53
Central,Clay,648.5,19.3,134.4,Local,High,2.7
Central,Sandy,892.9,24.2,70.8,Hybrid-B,High,3.6
Southern,Clay,1108.6,26.6,130.2,Local,High,3.12
Copperbelt,Sandy,803.1,29.6,110.1,Hybrid-A,High,4.17
Central,Clay,690.8,24.5,93.2,Hybrid-A,Low,3.72
Southern,Clay,772.6,20.4,75.3,Hybrid-A,Medium,2.85
Copperbelt,Clay,1006.2,27.9,78.4,Local,Low,3.51
Eastern,Silty,703.1,24.1,161.5,Hybrid-A,High,4.34
Southern,Silty,680.1,22.4,100.0,Hybrid-A,High,2.46
Copperbelt,Loamy,727.6,24.1,123.5,Hybrid-A,Medium,2.86
Copperbelt,Loamy,657.0,25.4,76.3,Hybrid-B,High,2.74
Southern,Sandy,818.4,24.2,76.6,Local,Low,3.76
Eastern,Silty,1043.7,19.4,132.5,Local,Low,4.49
Southern,Sandy,848.5,28.7,59.5,Local,Medium,1.89
Copperbelt,Loamy,762.1,29.8,87.5,Hybrid-B,Low,3.58
Central,Sandy,756.2,28.0,101.0,Local,Low,2.76
Central,Loamy,565.5,22.6,103.3,Hybrid-B,Low,4.3
Southern,Silty,932.5,25.4,94.6,Hybrid-B,Low,3.31
Copperbelt,Clay,788.3,26.0,111.9,Local,High,3.6
Central,Silty,772.9,27.8,120.8,Hybrid-A,Low,3.5
Copperbelt,Sandy,1279.0,28.0,122.0,Hybrid-A,Medium,4.4
Southern,Sandy,844.8,23.8,70.4,Local,Medium,5.14
Central,Silty,687.2,26.2,91.5,Local,Low,2.59
Copperbelt,Silty,736.0,27.4,135.8,Hybrid-B,Medium,2.74
Central,Loamy,972.3,30.4,126.8,Local,Low,3.76
Southern,Sandy,817.0,28.1,58.8,Hybrid-B,Medium,2.85
Copperbelt,Sandy,584.3,28.4,110.5,Local,Medium,4.25
Central,Silty,937.9,26.3,40.7,Hybrid-A,Low,4.38
Southern,Clay,699.8,30.2,101.4,Hybrid-A,Low,3.06
Central,Sandy,1081.0,27.2,156.9,Local,High,2.89
Central,Clay,962.0,23.4,71.6,Hybrid-B,Low,3.28
Eastern,Silty,732.9,30.2,75.0,Hybrid-A,Low,3.58
Eastern,Silty,992.2,28.1,122.9,Hybrid-B,High,3.75
Southern,Loamy,810.2,24.7,53.7,Local,Low,1.7
Eastern,Sandy,927.9,24.6,81.0,Local,Low,2.73
Southern,Clay,872.7,26.9,117.9,Hybrid-A,High,3.18
Eastern,Loamy,673.0,27.4,81.0,Local,Low,2.86
Central,Sandy,703.5,26.6,92.9,Hybrid-A,Low,1.21
Southern,Loamy,954.5,26.9,122.3,Hybrid-B,High,1.99
Southern,Silty,749.8,31.1,112.6,Hybrid-A,High,2.46
Central,Sandy,739.5,29.2,108.0,Hybrid-A,Medium,3.41
Southern,Loamy,656.7,26.6,89.8,Hybrid-B,Low,3.15
Southern,Loamy,863.5,28.8,111.1,Hybrid-A,Medium,2.99
Eastern,Clay,1109.4,22.9,96.3,Hybrid-A,Medium,4.14
Southern,Loamy,639.9,27.2,113.7,Local,High,4.14
Copperbelt,Sandy,803.6,31.4,85.1,Hybrid-B,Low,3.62
Central,Sandy,1011.8,25.3,94.5,Hybrid-A,Low,3.6
Eastern,Clay,788.1,23.5,70.3,Hybrid-B,High,2.81
Eastern,Sandy,867.9,24.0,98.9,Hybrid-B,Medium,2.91
Copperbelt,Silty,640.6,22.7,75.7,Hybrid-A,High,2.13
Central,Sandy,864.2,23.6,66.6,Local,Low,3.3
Central,Sandy,771.9,24.9,107.8,Hybrid-B,High,4.13
Eastern,Loamy,947.9,21.8,106.4,Hybrid-A,Low,4.58
Southern,Loamy,978.1,26.0,123.5,Hybrid-B,Medium,3.3
Eastern,Sandy,1188.4,28.7,87.1,Local,Low,3.89
Central,Clay,886.9,23.3,112.2,Local,Medium,1.22
Copperbelt,Loamy,848.9,30.6,116.5,Local,Medium,3.15
Eastern,Clay,829.2,27.5,113.3,Hybrid-A,Low,3.13
Central,Sandy,747.0,29.1,75.2,Hybrid-A,Low,4.69
Eastern,Sandy,850.8,24.0,104.5,Local,Medium,3.81
Southern,Silty,755.7,28.6,110.9,Hybrid-A,High,3.9
Eastern,Loamy,825.3,22.7,100.2,Local,Low,3.85
Eastern,Sandy,997.6,28.7,37.4,Hybrid-A,Medium,3.54
Central,Silty,649.0,26.5,104.8,Local,Medium,4.73
Central,Loamy,971.0,27.7,166.4,Hybrid-B,High,1.66
Central,Sandy,997.6,22.5,89.2,Local,Low,3.62
Eastern,Sandy,782.3,23.3,78.2,Local,Medium,4.4
Southern,Loamy,481.7,27.8,111.2,Hybrid-A,High,1.99
Copperbelt,Loamy,708.8,23.2,109.4,Hybrid-A,Medium,4.17
Copperbelt,Loamy,994.5,27.4,135.8,Hybrid-A,Low,2.89
Central,Sandy,796.6,21.9,62.3,Hybrid-A,High,3.59
Central,Sandy,650.1,28.5,121.9,Hybrid-A,Medium,2.88
Eastern,Silty,724.3,22.3,117.7,Hybrid-A,High,4.27
Copperbelt,Clay,926.1,27.7,95.7,Hybrid-B,Low,3.27
Central,Loamy,882.0,27.9,110.2,Local,High,4.18
Southern,Sandy,764.2,23.9,130.9,Local,Low,3.85
Southern,Sandy,745.0,27.7,126.2,Local,Medium,2.86
Central,Loamy,741.2,26.8,65.7,Hybrid-B,Low,3.9
Central,Clay,661.6,24.4,124.6,Local,Medium,2.97
Copperbelt,Loamy,1042.3,23.0,98.1,Hybrid-B,Medium,3.55
Copperbelt,Clay,751.7,20.1,102.2,Hybrid-B,Low,3.25
Eastern,Sandy,982.6,27.0,102.2,Hybrid-B,Medium,4.22
Copperbelt,Clay,1028.2,21.3,95.5,Local,High,3.93
Southern,Silty,949.7,26.3,135.8,Hybrid-B,Medium,3.48
Southern,Sandy,735.3,25.2,97.5,Local,Low,2.95
Central,Silty,860.6,28.0,66.4,Local,High,2.48
Copperbelt,Loamy,796.4,25.1,88.2,Hybrid-A,High,3.61
Eastern,Loamy,664.4,25.0,105.4,Hybrid-A,Medium,2.99
Southern,Loamy,848.7,28.2,136.9,Hybrid-B,Medium,2.0
Southern,Clay,623.1,27.0,118.1,Hybrid-B,Low,2.44
Eastern,Sandy,978.2,26.9,74.5,Local,High,4.8
Eastern,Loamy,730.3,27.4,174.6,Hybrid-B,Low,2.97
Southern,Loamy,830.2,21.4,107.9,Hybrid-B,Medium,4.37
Southern,Sandy,842.5,28.3,138.3,Local,High,3.21
Eastern,Loamy,761.2,27.8,95.4,Hybrid-B,Low,4.49
Southern,Silty,888.0,22.9,116.0,Hybrid-B,Low,4.43
Central,Sandy,728.8,25.3,125.2,Local,Low,2.84
Central,Sandy,930.7,25.9,136.5,Local,Low,1.91
Eastern,Sandy,598.1,25.6,131.7,Hybrid-A,Low,1.98
Copperbelt,Silty,819.0,27.0,126.2,Local,High,2.85
Eastern,Sandy,1090.8,30.3,90.5,Hybrid-A,Low,5.01
Eastern,Silty,650.0,29.2,82.8,Hybrid-B,High,3.17
Copperbelt,Sandy,698.3,22.1,110.0,Local,Low,3.62
Copperbelt,Clay,877.1,27.9,128.0,Local,Medium,4.54
Copperbelt,Loamy,826.9,30.0,93.3,Local,Medium,3.59
Central,Clay,852.6,27.2,132.0,Hybrid-B,Low,3.56
Southern,Loamy,873.4,29.3,143.6,Hybrid-A,Medium,4.0
Central,Silty,895.2,32.0,72.5,Hybrid-B,High,3.73
Southern,Clay,966.5,29.1,74.9,Hybrid-B,Low,3.42
Central,Sandy,861.5,26.7,95.8,Local,High,2.92
Southern,Loamy,763.8,29.1,109.2,Hybrid-A,Low,3.56
Central,Loamy,900.9,26.4,84.3,Hybrid-B,Medium,4.38
Copperbelt,Clay,1085.0,26.1,140.6,Local,High,4.93
Eastern,Silty,780.1,24.9,112.7,Hybrid-B,Medium,3.73
Central,Clay,653.8,30.7,101.2,Hybrid-B,Medium,4.1
Southern,Silty,966.1,23.5,56.9,Local,Low,3.72
Copperbelt,Silty,781.9,30.6,60.5,Local,High,3.43
Central,Loamy,474.1,27.5,108.4,Hybrid-A,Medium,3.91
Central,Clay,927.1,21.8,36.0,Hybrid-B,Low,4.45
Copperbelt,Clay,719.7,27.1,130.4,Local,Low,2.79
Central,Silty,786.4,19.7,95.3,Local,Low,2.34
Eastern,Clay,849.8,27.9,197.3,Hybrid-A,Medium,3.07
Central,Sandy,828.6,28.7,169.2,Hybrid-A,Low,3.67
Eastern,Sandy,906.4,24.2,94.6,Local,High,4.2
Eastern,Clay,734.7,26.4,96.8,Hybrid-A,High,2.71
Copperbelt,Clay,877.0,31.9,129.9,Local,Medium,1.51
Central,Silty,761.1,24.5,151.1,Hybrid-B,High,3.09
Copperbelt,Sandy,910.8,22.8,50.9,Hybrid-A,Low,3.34
Central,Sandy,892.3,30.4,46.4,Hybrid-B,Medium,2.57
Central,Loamy,659.7,31.9,81.3,Hybrid-B,Low,2.9
Southern,Silty,962.9,26.0,117.5,Hybrid-B,Medium,4.19
Central,Loamy,719.6,29.0,114.9,Local,Medium,3.56
Copperbelt,Sandy,921.2,30.0,132.1,Hybrid-B,Low,3.78
Eastern,Silty,855.1,23.8,64.0,Hybrid-B,High,3.22
Central,Clay,1075.7,24.5,30.5,Hybrid-B,High,2.9
Southern,Silty,766.5,29.7,125.7,Local,Medium,3.21
Copperbelt,Clay,747.6,31.1,75.2,Hybrid-B,Low,3.9
Central,Clay,797.1,27.7,39.4,Hybrid-B,Low,2.31
Copperbelt,Silty,754.5,23.4,104.4,Hybrid-A,Medium,4.82
Southern,Clay,920.0,32.0,123.8,Local,High,3.96
Southern,Loamy,557.6,24.4,96.3,Hybrid-B,Low,3.07
Copperbelt,Sandy,641.9,25.0,86.3,Hybrid-A,High,4.15
Central,Clay,639.8,27.0,95.2,Local,High,4.48
Eastern,Loamy,942.5,30.7,88.9,Local,Medium,3.24
Southern,Clay,1056.6,28.6,59.6,Local,Medium,3.33
Central,Sandy,784.3,27.2,78.6,Local,High,4.69
Central,Loamy,774.7,27.4,115.6,Local,Low,5.2
Eastern,Sandy,810.5,26.1,109.7,Local,Low,3.52
Southern,Sandy,974.3,27.7,105.0,Hybrid-B,Medium,2.57
Southern,Loamy,660.9,18.4,70.1,Hybrid-B,High,3.12
Central,Loamy,835.8,25.1,94.6,Hybrid-B,Low,4.33
Central,Loamy,946.3,26.7,34.7,Hybrid-B,Low,2.68
Eastern,Silty,875.2,22.5,105.4,Hybrid-A,Medium,3.33
Eastern,Loamy,828.4,27.2,142.9,Hybrid-B,High,3.73
Southern,Loamy,950.2,25.4,55.8,Local,Low,2.76
Copperbelt,Loamy,394.5,31.3,82.4,Hybrid-B,Medium,4.38
Southern,Loamy,901.7,30.7,109.9,Hybrid-B,Low,4.06
Central,Clay,701.9,24.6,137.6,Local,Low,5.11
Southern,Silty,525.4,25.5,86.6,Hybrid-B,Low,4.13
Copperbelt,Sandy,876.7,25.8,79.2,Hybrid-B,Medium,2.73
Eastern,Loamy,1006.0,24.6,40.9,Hybrid-B,High,3.92
Copperbelt,Clay,779.4,26.6,103.1,Hybrid-A,Medium,4.29
Copperbelt,Clay,942.9,23.7,161.3,Hybrid-B,High,4.33
Copperbelt,Clay,1041.8,22.6,108.3,Local,Low,2.88
Eastern,Sandy,997.2,27.9,99.3,Local,High,2.78
Copperbelt,Loamy,1046.0,27.9,109.7,Hybrid-B,Low,2.59
Copperbelt,Silty,911.3,23.6,99.7,Hybrid-B,Low,4.78
Copperbelt,Silty,811.3,28.7,75.6,Hybrid-B,Medium,4.0
Central,Clay,559.7,24.1,124.7,Local,Low,2.84
Copperbelt,Sandy,763.1,26.8,106.8,Local,Medium,3.6
Eastern,Sandy,673.5,28.5,100.5,Hybrid-A,High,3.4
Copperbelt,Sandy,1125.6,25.9,70.7,Hybrid-A,High,2.72
Copperbelt,Silty,773.6,27.4,139.1,Hybrid-A,Low,3.53
Eastern,Clay,818.5,24.5,119.9,Local,Medium,3.65
Copperbelt,Loamy,882.7,25.4,83.4,Hybrid-A,Low,5.05
Eastern,Silty,806.5,25.4,130.1,Hybrid-B,Medium,2.98
Copperbelt,Clay,1054.3,23.8,85.1,Hybrid-B,Medium,2.13
Eastern,Clay,706.6,25.5,76.5,Local,Medium,2.66
Copperbelt,Loamy,829.2,21.4,77.2,Hybrid-A,High,2.79
Copperbelt,Loamy,688.6,24.5,46.9,Hybrid-B,Medium,3.16
Central,Loamy,602.0,25.1,114.1,Local,High,2.66
Central,Sandy,708.2,25.2,45.1,Hybrid-A,Medium,4.16
Copperbelt,Loamy,794.4,25.3,63.1,Hybrid-B,High,2.61
Copperbelt,Clay,735.6,25.8,37.7,Hybrid-A,High,3.52
Southern,Loamy,696.1,27.4,97.4,Local,High,5.1
